brand,model,brand_slug,model_slug,source,source_url,target_month,target_year,target_month_label,offer_month,offer_year,offer_month_label,period_type,source_variant_label,variant_scope,matched_canonical_variants,match_count,cash_discount,exchange_bonus,scrappage_bonus,upgrade_bonus,corporate_discount,rural_offer,additional_discount,finance_offer,warranty_offer,accessories_offer,max_benefit,computed_possible_max,breakup_available,total_matches_computed,notes,confidence,dealer_confirmation_required,raw_block
Honda,Amaze,honda,amaze,v3cars,https://www.v3cars.com/honda-cars/amaze/offers-discounts,5,2026,May 2026,4,2026,April 2026,previous,"APRIL 2026 Old Amaze Petrol-Manual, Auto",petrol_group,Honda Amaze V | Honda Amaze V CVT | Honda Amaze VX | Honda Amaze VX CVT | Honda Amaze ZX | Honda Amaze ZX CVT,6,10000,10000,0,0,3000,3000,0,,,,33000,23000,True,False,"Corporate/Rural: Loyalty Rs. 10,000",high,True,"APRIL 2026 Old Amaze Petrol-Manual, Auto | Cash Rs. 10,000 - | Exchange Rs. 10,000 - | Corporate Rs. 3,000 - Loyalty Rs. 10,000 - | Total Rs. 33,000 Max discounts New Amaze Petrol-Manual, Auto (V Variant) Discount Type Discount Notes (If applicable)"
Honda,Amaze,honda,amaze,v3cars,https://www.v3cars.com/honda-cars/amaze/offers-discounts,5,2026,May 2026,4,2026,April 2026,previous,"New Amaze Petrol Manual, Auto (V Variant)",petrol_group,Honda Amaze V | Honda Amaze V CVT | Honda Amaze VX | Honda Amaze VX CVT | Honda Amaze ZX | Honda Amaze ZX CVT,6,0,0,0,0,3000,3000,0,,,,13000,3000,True,False,"Corporate/Rural: Loyalty Rs. 10,000",high,True,"New Amaze Petrol Manual, Auto (V Variant) | Cash Rs. 0 - | Exchange Rs. 0 - | Corporate Rs. 3,000 - Loyalty Rs. 10,000 - | Total Rs. 13,000 Max discounts New Amaze Petrol-Manual, Auto (VX Variant) Discount Type Discount Notes (If applicable)"
Honda,Amaze,honda,amaze,v3cars,https://www.v3cars.com/honda-cars/amaze/offers-discounts,5,2026,May 2026,4,2026,April 2026,previous,"New Amaze Petrol Manual, Auto (VX Variant)",petrol_group,Honda Amaze V | Honda Amaze V CVT | Honda Amaze VX | Honda Amaze VX CVT | Honda Amaze ZX | Honda Amaze ZX CVT,6,10000,0,0,0,3000,3000,0,,,,23000,13000,True,False,"Corporate/Rural: Loyalty Rs. 10,000",high,True,"New Amaze Petrol Manual, Auto (VX Variant) | Cash Rs. 10,000 - | Exchange Rs. 0 - | Corporate Rs. 3,000 - Loyalty Rs. 10,000 - | Total Rs. 23,000 Max discounts New Amaze Petrol-Manual (ZX Variant) Discount Type Discount Notes (If applicable)"
Honda,Amaze,honda,amaze,v3cars,https://www.v3cars.com/honda-cars/amaze/offers-discounts,5,2026,May 2026,4,2026,April 2026,previous,New Amaze Petrol Manual (ZX Variant),petrol_group,Honda Amaze V | Honda Amaze V CVT | Honda Amaze VX | Honda Amaze VX CVT | Honda Amaze ZX | Honda Amaze ZX CVT,6,15000,15000,0,0,3000,3000,0,,,,43000,33000,True,False,"Corporate/Rural: Loyalty Rs. 10,000",high,True,"New Amaze Petrol Manual (ZX Variant) | Cash Rs. 15,000 - | Exchange Rs. 15,000 - | Corporate Rs. 3,000 - Loyalty Rs. 10,000 - | Total Rs. 43,000 Max discounts New Amaze Petrol-Auto (ZX Variant) Discount Type Discount Notes (If applicable)"
Honda,Amaze,honda,amaze,v3cars,https://www.v3cars.com/honda-cars/amaze/offers-discounts,5,2026,May 2026,4,2026,April 2026,previous,New Amaze Petrol Auto (ZX Variant),petrol_group,Honda Amaze V | Honda Amaze V CVT | Honda Amaze VX | Honda Amaze VX CVT | Honda Amaze ZX | Honda Amaze ZX CVT,6,0,0,0,0,3000,3000,0,,,,13000,3000,True,False,"Corporate/Rural: Loyalty Rs. 10,000 | Total: Max discounts",high,True,"New Amaze Petrol Auto (ZX Variant) | Cash Rs. 0 - | Exchange Rs. 0 - | Corporate Rs. 3,000 - Loyalty Rs. 10,000 - | Total Rs. 13,000 Max discounts"
Honda,City,honda,city,v3cars,https://www.v3cars.com/honda-cars/city/offers-discounts,5,2026,May 2026,4,2026,April 2026,previous,All variants,all_variants,Honda City Sport | Honda City SV | Honda City V | Honda City V CVT | Honda City VX | Honda City VX CVT | Honda City ZX | Honda City ZX CVT,8,40000,20000,0,0,5000,5000,0,,,,89000,65000,True,False,"Corporate/Rural: Loyalty Rs. 24,000",high,True,"Cash Rs. 40,000 - | Exchange Rs. 20,000 - | Corporate Rs. 5,000 - Loyalty Rs. 24,000 - | Total Rs. 89,000 Max discounts Normal Petrol-Auto (VX / Sports Variant) Discount Type Discount Notes (If applicable)"
Honda,City,honda,city,v3cars,https://www.v3cars.com/honda-cars/city/offers-discounts,5,2026,May 2026,4,2026,April 2026,previous,Normal Petrol Auto (VX / Sports Variant),petrol_group,Honda City Sport | Honda City SV | Honda City V | Honda City V CVT | Honda City VX | Honda City VX CVT | Honda City ZX | Honda City ZX CVT,8,40000,20000,0,0,5000,5000,0,,,,89000,65000,True,False,"Corporate/Rural: Loyalty Rs. 24,000",high,True,"Normal Petrol Auto (VX / Sports Variant) | Cash Rs. 40,000 - | Exchange Rs. 20,000 - | Corporate Rs. 5,000 - Loyalty Rs. 24,000 - | Total Rs. 89,000 Max discounts Normal Petrol-Auto (V Variant) Discount Type Discount Notes (If applicable)"
Honda,City,honda,city,v3cars,https://www.v3cars.com/honda-cars/city/offers-discounts,5,2026,May 2026,4,2026,April 2026,previous,Normal Petrol Auto (V Variant),petrol_group,Honda City Sport | Honda City SV | Honda City V | Honda City V CVT | Honda City VX | Honda City VX CVT | Honda City ZX | Honda City ZX CVT,8,20000,20000,0,0,5000,5000,0,,,,69000,45000,True,False,"Corporate/Rural: Loyalty Rs. 24,000",high,True,"Normal Petrol Auto (V Variant) | Cash Rs. 20,000 - | Exchange Rs. 20,000 - | Corporate Rs. 5,000 - Loyalty Rs. 24,000 - | Total Rs. 69,000 Max discounts Normal Petrol-Manual, Auto (ZX Variant) Discount Type Discount Notes (If applicable)"
Honda,City,honda,city,v3cars,https://www.v3cars.com/honda-cars/city/offers-discounts,5,2026,May 2026,4,2026,April 2026,previous,"Normal Petrol Manual, Auto (ZX Variant)",petrol_group,Honda City Sport | Honda City SV | Honda City V | Honda City V CVT | Honda City VX | Honda City VX CVT | Honda City ZX | Honda City ZX CVT,8,40000,60000,0,0,5000,5000,0,,,,129000,105000,True,False,"Corporate/Rural: Loyalty Rs. 24,000",high,True,"Normal Petrol Manual, Auto (ZX Variant) | Cash Rs. 40,000 - | Exchange Rs. 60,000 - | Corporate Rs. 5,000 - Loyalty Rs. 24,000 - | Total Rs. 1,29,000 Max discounts Hybrid Petrol-Auto (ZX Variant) Discount Type Discount Notes (If applicable)"
Honda,City,honda,city,v3cars,https://www.v3cars.com/honda-cars/city/offers-discounts,5,2026,May 2026,4,2026,April 2026,previous,Hybrid Petrol Auto (ZX Variant),variant_group,Honda City V | Honda City ZX | Honda City ZX CVT,3,155000,25000,0,0,0,0,0,,,,180000,180000,True,True,Corporate/Rural: Loyalty Rs. 0 | Total: Max discounts,high,True,"Hybrid Petrol Auto (ZX Variant) | Cash Rs. 1,55,000 - | Exchange Rs. 25,000 - | Corporate Rs. 0 - Loyalty Rs. 0 - | Total Rs. 1,80,000 Max discounts"
Honda,City Hybrid,honda,city-hybrid,carwale,https://www.carwale.com/honda-cars/city-hybrid/offers/,5,2026,May 2026,5,2026,May 2026,current,Model-level CarWale offer,model_level,,0,0,0,0,0,0,0,0,,,,197000,0,False,False,"CarWale total-only fallback. Valid till: 31 May, 2026",medium,True,"City Hybrid eHEV Offers in May 2026 - City Hybrid eHEV Discounts & Deals NEW CARS USED CARS REVIEWS & NEWS Honda City Hybrid eHEV Offers Find exclusive offer on City Hybrid eHEV Honda City Hybrid eHEV Rs. 23,29,323 On-Road Price Get This Offer Variant ZX City Delhi Select your Area If you are on Hindi keyboard then type pincode Detect my location No Result Found Try searching something else. eg. 578358 or Mumbai Honda Call: 02241357346 Honda City Hybrid eHEV May Offers Get Benefits up to Rs. 1,97,000"
Honda,Elevate,honda,elevate,v3cars,https://www.v3cars.com/honda-cars/elevate/offers-discounts,5,2026,May 2026,4,2026,April 2026,previous,All variants,all_variants,Honda Elevate ADV Edition | Honda Elevate ADV Edition CVT | Honda Elevate ADV Edition CVT Dual Tone | Honda Elevate ADV Edition Dual Tone | Honda Elevate SV | Honda Elevate V | Honda Elevate V CVT | Honda Elevate VX | Honda Elevate VX CVT | Honda Elevate ZX | Honda Elevate ZX Black Edition | Honda Elevate ZX Black Edition CVT | Honda Elevate ZX CVT,13,0,0,0,0,5000,5000,0,,,,15000,5000,True,False,"Corporate/Rural: Loyalty Rs. 10,000",high,True,"Cash Rs. 0 - | Exchange Rs. 0 - | Corporate Rs. 5,000 - Loyalty Rs. 10,000 - | Total Rs. 15,000 Max discounts Petrol-Manual, Auto (V Variant) Discount Type Discount Notes (If applicable)"
Honda,Elevate,honda,elevate,v3cars,https://www.v3cars.com/honda-cars/elevate/offers-discounts,5,2026,May 2026,4,2026,April 2026,previous,"Petrol Manual, Auto (V Variant)",petrol_group,Honda Elevate ADV Edition | Honda Elevate ADV Edition CVT | Honda Elevate ADV Edition CVT Dual Tone | Honda Elevate ADV Edition Dual Tone | Honda Elevate SV | Honda Elevate V | Honda Elevate V CVT | Honda Elevate VX | Honda Elevate VX CVT | Honda Elevate ZX | Honda Elevate ZX Black Edition | Honda Elevate ZX Black Edition CVT | Honda Elevate ZX CVT,13,40000,10000,0,0,5000,5000,0,,,,65000,55000,True,False,"Corporate/Rural: Loyalty Rs. 10,000",high,True,"Petrol Manual, Auto (V Variant) | Cash Rs. 40,000 - | Exchange Rs. 10,000 - | Corporate Rs. 5,000 - Loyalty Rs. 10,000 - | Total Rs. 65,000 Max discounts Petrol-Manual, Auto (VX Variant) Discount Type Discount Notes (If applicable)"
Honda,Elevate,honda,elevate,v3cars,https://www.v3cars.com/honda-cars/elevate/offers-discounts,5,2026,May 2026,4,2026,April 2026,previous,"Petrol Manual, Auto (VX Variant)",petrol_group,Honda Elevate ADV Edition | Honda Elevate ADV Edition CVT | Honda Elevate ADV Edition CVT Dual Tone | Honda Elevate ADV Edition Dual Tone | Honda Elevate SV | Honda Elevate V | Honda Elevate V CVT | Honda Elevate VX | Honda Elevate VX CVT | Honda Elevate ZX | Honda Elevate ZX Black Edition | Honda Elevate ZX Black Edition CVT | Honda Elevate ZX CVT,13,30000,30000,0,0,5000,5000,0,,,,75000,65000,True,False,"Corporate/Rural: Loyalty Rs. 10,000",high,True,"Petrol Manual, Auto (VX Variant) | Cash Rs. 30,000 - | Exchange Rs. 30,000 - | Corporate Rs. 5,000 - Loyalty Rs. 10,000 - | Total Rs. 75,000 Max discounts Petrol-Manual, Auto (ZX Variant) Discount Type Discount Notes (If applicable)"
Honda,Elevate,honda,elevate,v3cars,https://www.v3cars.com/honda-cars/elevate/offers-discounts,5,2026,May 2026,4,2026,April 2026,previous,"Petrol Manual, Auto (ZX Variant)",petrol_group,Honda Elevate ADV Edition | Honda Elevate ADV Edition CVT | Honda Elevate ADV Edition CVT Dual Tone | Honda Elevate ADV Edition Dual Tone | Honda Elevate SV | Honda Elevate V | Honda Elevate V CVT | Honda Elevate VX | Honda Elevate VX CVT | Honda Elevate ZX | Honda Elevate ZX Black Edition | Honda Elevate ZX Black Edition CVT | Honda Elevate ZX CVT,13,40000,30000,0,0,5000,5000,0,,,,85000,75000,True,False,"Corporate/Rural: Loyalty Rs. 10,000 | Total: Max discounts",high,True,"Petrol Manual, Auto (ZX Variant) | Cash Rs. 40,000 - | Exchange Rs. 30,000 - | Corporate Rs. 5,000 - Loyalty Rs. 10,000 - | Total Rs. 85,000 Max discounts"
Hyundai,Alcazar,hyundai,alcazar,v3cars,https://www.v3cars.com/hyundai-cars/alcazar/offers-discounts,5,2026,May 2026,5,2026,May 2026,current,All variants,all_variants,Hyundai Alcazar Corporate Diesel | Hyundai Alcazar Corporate Diesel AT | Hyundai Alcazar Executive | Hyundai Alcazar Executive Diesel | Hyundai Alcazar Platinum | Hyundai Alcazar Platinum 6Str DCT | Hyundai Alcazar Platinum 6Str Diesel AT | Hyundai Alcazar Platinum 6Str Diesel AT DT | Hyundai Alcazar Platinum 6Str DT DCT | Hyundai Alcazar Platinum DCT | Hyundai Alcazar Platinum Diesel | Hyundai Alcazar Platinum Diesel AT | Hyundai Alcazar Platinum Diesel AT DT | Hyundai Alcazar Platinum DT | Hyundai Alcazar Platinum DT DCT | Hyundai Alcazar Platinum DT Diesel | Hyundai Alcazar Prestige | Hyundai Alcazar Prestige DCT | Hyundai Alcazar Prestige Diesel | Hyundai Alcazar Signature 6Str DCT | Hyundai Alcazar Signature 6Str Diesel AT | Hyundai Alcazar Signature 6Str Diesel AT DT | Hyundai Alcazar Signature 6Str DT DCT | Hyundai Alcazar Signature DCT | Hyundai Alcazar Signature DCT Knight | Hyundai Alcazar Signature Diesel AT | Hyundai Alcazar Signature Diesel AT DT | Hyundai Alcazar Signature Diesel AT Knight | Hyundai Alcazar Signature DT DCT,29,40000,20000,25000,10000,0,0,0,,,,75000,75000,True,True,exchange_bonus: You can only choose one,high,True,"Cash Rs. 40,000 - | Exchange Rs. 20,000 You can only choose one | Scrappage Rs. 25,000 | Upgrade Rs. 10,000 - | Corporate/Rural Rs. 0 - | Total Rs. 75,000 Max discounts Diesel–Manual,Auto (All Variants) Discount Type Discount Notes (If applicable)"
Hyundai,Alcazar,hyundai,alcazar,v3cars,https://www.v3cars.com/hyundai-cars/alcazar/offers-discounts,5,2026,May 2026,5,2026,May 2026,current,"Diesel–Manual,Auto (All Variants)",diesel_group,Hyundai Alcazar Corporate Diesel | Hyundai Alcazar Corporate Diesel AT | Hyundai Alcazar Executive Diesel | Hyundai Alcazar Platinum 6Str Diesel AT | Hyundai Alcazar Platinum 6Str Diesel AT DT | Hyundai Alcazar Platinum Diesel | Hyundai Alcazar Platinum Diesel AT | Hyundai Alcazar Platinum Diesel AT DT | Hyundai Alcazar Platinum DT Diesel | Hyundai Alcazar Prestige Diesel | Hyundai Alcazar Signature 6Str Diesel AT | Hyundai Alcazar Signature 6Str Diesel AT DT | Hyundai Alcazar Signature Diesel AT | Hyundai Alcazar Signature Diesel AT DT | Hyundai Alcazar Signature Diesel AT Knight,15,10000,15000,20000,15000,0,0,0,,,,45000,45000,True,True,exchange_bonus: You can only choose one | Total: Max discounts,high,True,"Diesel–Manual,Auto (All Variants) | Cash Rs. 10,000 - | Exchange Rs. 15,000 You can only choose one | Scrappage Rs. 20,000 | Upgrade Rs. 15,000 - | Corporate/Rural Rs. 0 - | Total Rs. 45,000 Max discounts"
Hyundai,Aura,hyundai,aura,v3cars,https://www.v3cars.com/hyundai-cars/aura/offers-discounts,5,2026,May 2026,5,2026,May 2026,current,All variants,all_variants,Hyundai Aura E | Hyundai Aura E CNG | Hyundai Aura S | Hyundai Aura S AMT | Hyundai Aura S CNG | Hyundai Aura S Corporate | Hyundai Aura S Corporate CNG | Hyundai Aura SX | Hyundai Aura SX CNG | Hyundai Aura SX Option | Hyundai Aura SX Plus AMT,11,10000,0,5000,0,0,0,0,,,,20000,15000,True,False,exchange_bonus: You can only choose one | Corporate/Rural: Only for | Corporate/Rural: Customers,high,True,"Cash Rs. 10,000 - | Exchange Rs. 0 You can only choose one | Scrappage Rs. 5,000 | Upgrade Rs. 0 - | Corporate/Rural Rs. 5,000 Only for | Rural Customers | Total Rs. 20,000 Max discounts CNG–Manual (S, SX,"
Hyundai,Aura,hyundai,aura,v3cars,https://www.v3cars.com/hyundai-cars/aura/offers-discounts,5,2026,May 2026,5,2026,May 2026,current,"CNG–Manual (S, SX,",variant_group,Hyundai Aura S | Hyundai Aura SX | Hyundai Aura SX CNG | Hyundai Aura SX Option | Hyundai Aura SX Plus AMT,5,5000,0,5000,0,5000,5000,0,,,,15000,15000,True,True,Corporate/Rural: ) Discount Type Discount Notes (If applicable) | exchange_bonus: You can only choose one | Total: Max discounts,high,True,"CNG–Manual (S, SX, | Corporate) Discount Type Discount Notes (If applicable) | Cash Rs. 5,000 - | Exchange Rs. 0 You can only choose one | Scrappage Rs. 5,000 | Upgrade Rs. 0 - | Corporate/Rural Rs. 5,000 - | Total Rs. 15,000 Max discounts"
Hyundai,Creta,hyundai,creta,v3cars,https://www.v3cars.com/hyundai-cars/creta/offers-discounts,5,2026,May 2026,5,2026,May 2026,current,All variants,all_variants,Hyundai Creta E | Hyundai Creta E Diesel | Hyundai Creta EX | Hyundai Creta EX Diesel | Hyundai Creta EX Diesel Summer Edition | Hyundai Creta EX (O) | Hyundai Creta EX (O) Diesel | Hyundai Creta EX (O) Diesel AT | Hyundai Creta EX (O) Diesel AT Summer Edition | Hyundai Creta EX (O) Diesel Summer Edition | Hyundai Creta EX(O) iVT | Hyundai Creta EX (O) iVT Summer Edition | Hyundai Creta EX Summer Edition | Hyundai Creta King | Hyundai Creta King Diesel | Hyundai Creta King Diesel AT | Hyundai Creta King Diesel AT DT | Hyundai Creta King Diesel DT | Hyundai Creta King DT | Hyundai Creta King iVT | Hyundai Creta King iVT DT | Hyundai Creta King Knight Diesel AT | Hyundai Creta King Knight Diesel AT DT | Hyundai Creta King Knight iVT | Hyundai Creta King Knight iVT DT | Hyundai Creta King Limited Edition Diesel AT | Hyundai Creta King Limited Edition iVT | Hyundai Creta King Turbo DCT | Hyundai Creta King Turbo DCT DT | Hyundai Creta S | Hyundai Creta S Diesel | Hyundai Creta S (O) | Hyundai Creta S (O) Diesel | Hyundai Creta S (O) Diesel AT | Hyundai Creta S (O) Diesel AT Summer Edition | Hyundai Creta S (O) Diesel Summer Edition | Hyundai Creta S (O) iVT | Hyundai Creta S (O) iVT Summer Editon | Hyundai Creta S (O) Knight | Hyundai Creta S (O) Knight Diesel | Hyundai Creta S (O) Knight Diesel AT | Hyundai Creta S (O) Knight Diesel AT DT | Hyundai Creta S (O) Knight Diesel DT | Hyundai Creta S (O) Knight Diesel Summer Edition | Hyundai Creta S (O) Knight DT | Hyundai Creta S (O) Knight iVT | Hyundai Creta S (O) Knight iVT DT | Hyundai Creta S(O) Knight Summer Edition | Hyundai Creta S (O) Summer Edition | Hyundai Creta SX | Hyundai Creta SX DT | Hyundai Creta SX (O) | Hyundai Creta SX (O) Diesel | Hyundai Creta SX (O) Diesel AT | Hyundai Creta SX (O) Diesel AT DT | Hyundai Creta SX (O) Diesel DT | Hyundai Creta SX (O) DT | Hyundai Creta SX (O) iVT | Hyundai Creta SX (O) iVT DT | Hyundai Creta SX (O) Knight | Hyundai Creta SX (O) Knight Diesel | Hyundai Creta SX (O) Knight Diesel AT | Hyundai Creta SX (O) Knight Diesel AT DT | Hyundai Creta SX (O) Knight Diesel DT | Hyundai Creta SX (O) Knight DT | Hyundai Creta SX (O) Knight iVT | Hyundai Creta SX (O) Knight iVT DT | Hyundai Creta SX (O) Turbo DCT | Hyundai Creta SX (O) Turbo DCT DT | Hyundai Creta SX Premium | Hyundai Creta SX Premium Diesel | Hyundai Creta SX Premium Diesel Summer Edition | Hyundai Creta SX Premium DT | Hyundai Creta SX Premium DT Diesel | Hyundai Creta SX Premium iVT | Hyundai Creta SX Premium iVT DT | Hyundai Creta SX Premium iVT Summer Edition | Hyundai Creta SX Premium Summer Edition | Hyundai Creta SX Summer Edition | Hyundai Creta SX Tech | Hyundai Creta SX Tech Diesel | Hyundai Creta SX Tech Diesel DT | Hyundai Creta SX Tech DT | Hyundai Creta SX Tech iVT | Hyundai Creta SX Tech iVT DT,85,5000,30000,50000,30000,0,0,0,,,,90000,85000,True,False,exchange_bonus: You can only choose one | Corporate/Rural: Only for | Corporate/Rural: Customers,high,True,"Cash Rs. 5,000 - | Exchange Rs. 30,000 You can only choose one | Scrappage Rs. 50,000 | Upgrade Rs. 30,000 - | Corporate/Rural Rs. 5,000 Only for | Rural Customers | Total Rs. 90,000 Max discounts Petrol–Manual,Auto (All Variants) Incl. N-Line Discount Type Discount Notes (If applicable)"
Hyundai,Creta,hyundai,creta,v3cars,https://www.v3cars.com/hyundai-cars/creta/offers-discounts,5,2026,May 2026,5,2026,May 2026,current,"Petrol–Manual,Auto (All Variants) Incl. N Line",petrol_group,Hyundai Creta E | Hyundai Creta EX | Hyundai Creta EX (O) | Hyundai Creta EX(O) iVT | Hyundai Creta EX (O) iVT Summer Edition | Hyundai Creta EX Summer Edition | Hyundai Creta King | Hyundai Creta King DT | Hyundai Creta King iVT | Hyundai Creta King iVT DT | Hyundai Creta King Knight iVT | Hyundai Creta King Knight iVT DT | Hyundai Creta King Limited Edition iVT | Hyundai Creta King Turbo DCT | Hyundai Creta King Turbo DCT DT | Hyundai Creta S | Hyundai Creta S (O) | Hyundai Creta S (O) iVT | Hyundai Creta S (O) iVT Summer Editon | Hyundai Creta S (O) Knight | Hyundai Creta S (O) Knight DT | Hyundai Creta S (O) Knight iVT | Hyundai Creta S (O) Knight iVT DT | Hyundai Creta S(O) Knight Summer Edition | Hyundai Creta S (O) Summer Edition | Hyundai Creta SX | Hyundai Creta SX DT | Hyundai Creta SX (O) | Hyundai Creta SX (O) DT | Hyundai Creta SX (O) iVT | Hyundai Creta SX (O) iVT DT | Hyundai Creta SX (O) Knight | Hyundai Creta SX (O) Knight DT | Hyundai Creta SX (O) Knight iVT | Hyundai Creta SX (O) Knight iVT DT | Hyundai Creta SX (O) Turbo DCT | Hyundai Creta SX (O) Turbo DCT DT | Hyundai Creta SX Premium | Hyundai Creta SX Premium DT | Hyundai Creta SX Premium iVT | Hyundai Creta SX Premium iVT DT | Hyundai Creta SX Premium iVT Summer Edition | Hyundai Creta SX Premium Summer Edition | Hyundai Creta SX Summer Edition | Hyundai Creta SX Tech | Hyundai Creta SX Tech DT | Hyundai Creta SX Tech iVT | Hyundai Creta SX Tech iVT DT,48,20000,30000,50000,30000,0,0,0,,,,105000,100000,True,False,exchange_bonus: You can only choose one | Corporate/Rural: Only for | Corporate/Rural: Customers,high,True,"Petrol–Manual,Auto (All Variants) Incl. N Line | Cash Rs. 20,000 - | Exchange Rs. 30,000 You can only choose one | Scrappage Rs. 50,000 | Upgrade Rs. 30,000 - | Corporate/Rural Rs. 5,000 Only for | Rural Customers | Total Rs. 1,05,000 Max discounts Diesel–Manual,Auto (All Variants) Discount Type Discount Notes (If applicable)"
Hyundai,Creta,hyundai,creta,v3cars,https://www.v3cars.com/hyundai-cars/creta/offers-discounts,5,2026,May 2026,5,2026,May 2026,current,"Diesel–Manual,Auto (All Variants)",diesel_group,Hyundai Creta E Diesel | Hyundai Creta EX Diesel | Hyundai Creta EX Diesel Summer Edition | Hyundai Creta EX (O) Diesel | Hyundai Creta EX (O) Diesel AT | Hyundai Creta EX (O) Diesel AT Summer Edition | Hyundai Creta EX (O) Diesel Summer Edition | Hyundai Creta King Diesel | Hyundai Creta King Diesel AT | Hyundai Creta King Diesel AT DT | Hyundai Creta King Diesel DT | Hyundai Creta King Knight Diesel AT | Hyundai Creta King Knight Diesel AT DT | Hyundai Creta King Limited Edition Diesel AT | Hyundai Creta S Diesel | Hyundai Creta S (O) Diesel | Hyundai Creta S (O) Diesel AT | Hyundai Creta S (O) Diesel AT Summer Edition | Hyundai Creta S (O) Diesel Summer Edition | Hyundai Creta S (O) Knight Diesel | Hyundai Creta S (O) Knight Diesel AT | Hyundai Creta S (O) Knight Diesel AT DT | Hyundai Creta S (O) Knight Diesel DT | Hyundai Creta S (O) Knight Diesel Summer Edition | Hyundai Creta SX (O) Diesel | Hyundai Creta SX (O) Diesel AT | Hyundai Creta SX (O) Diesel AT DT | Hyundai Creta SX (O) Diesel DT | Hyundai Creta SX (O) Knight Diesel | Hyundai Creta SX (O) Knight Diesel AT | Hyundai Creta SX (O) Knight Diesel AT DT | Hyundai Creta SX (O) Knight Diesel DT | Hyundai Creta SX Premium Diesel | Hyundai Creta SX Premium Diesel Summer Edition | Hyundai Creta SX Premium DT Diesel | Hyundai Creta SX Tech Diesel | Hyundai Creta SX Tech Diesel DT,37,0,0,5000,0,0,0,0,,,,10000,5000,True,False,Corporate/Rural: Only for | Corporate/Rural: Customers | Total: Max discounts,high,True,"Diesel–Manual,Auto (All Variants) | Scrappage Rs. 5,000 - | Corporate/Rural Rs. 5,000 Only for | Rural Customers | Total Rs. 10,000 Max discounts"
Hyundai,Creta Electric,hyundai,creta-electric,carwale,https://www.carwale.com/hyundai-cars/creta-electric/offers/,5,2026,May 2026,5,2026,May 2026,current,Model-level CarWale offer,model_level,,0,0,0,0,0,0,0,0,,,,70000,0,False,False,"CarWale total-only fallback. Valid till: 31 May, 2026",medium,True,"Creta Electric Offers in May 2026 - Creta Electric Discounts & Deals NEW CARS USED CARS REVIEWS & NEWS Hyundai Creta Electric Offers Find exclusive offer on Creta Electric Hyundai Creta Electric Rs. 18,43,903 On-Road Price Get This Offer Variant Executive 42.0 kWh City Delhi Select your Area If you are on Hindi keyboard then type pincode Detect my location No Result Found Try searching something else. eg. 578358 or Mumbai Hyundai Call: 02241357346 Hyundai Creta Electric May Offers Get Benefits up to Rs. 70,000"
Hyundai,Exter,hyundai,exter,v3cars,https://www.v3cars.com/hyundai-cars/exter/offers-discounts,5,2026,May 2026,5,2026,May 2026,current,All variants,all_variants,Hyundai Exter HX10 AMT | Hyundai Exter HX10 AMT DT | Hyundai Exter HX2 | Hyundai Exter HX2 CNG | Hyundai Exter HX3 | Hyundai Exter HX3 AMT | Hyundai Exter HX3 CNG | Hyundai Exter HX4 | Hyundai Exter HX4 CNG | Hyundai Exter HX4 Plus AMT | Hyundai Exter HX6 | Hyundai Exter HX6 AMT | Hyundai Exter HX6 AMT DT | Hyundai Exter HX6 CNG | Hyundai Exter HX6 CNG DT | Hyundai Exter HX6 DT | Hyundai Exter HX8 | Hyundai Exter HX8 AMT | Hyundai Exter HX8 CNG,19,0,0,5000,0,5000,5000,0,,,,10000,10000,True,True,exchange_bonus: You can only choose one,high,True,"Cash Rs. 0 - | Exchange Rs. 0 You can only choose one | Scrappage Rs. 5,000 | Upgrade Rs. 0 - | Corporate/Rural Rs. 5,000 - | Total Rs. 10,000 Max discounts Petrol–Manual,Auto (All Variants) Discount Type Discount Notes (If applicable)"
Hyundai,Exter,hyundai,exter,v3cars,https://www.v3cars.com/hyundai-cars/exter/offers-discounts,5,2026,May 2026,5,2026,May 2026,current,"Petrol–Manual,Auto (All Variants)",petrol_group,Hyundai Exter HX10 AMT | Hyundai Exter HX10 AMT DT | Hyundai Exter HX2 | Hyundai Exter HX3 | Hyundai Exter HX3 AMT | Hyundai Exter HX4 | Hyundai Exter HX4 Plus AMT | Hyundai Exter HX6 | Hyundai Exter HX6 AMT | Hyundai Exter HX6 AMT DT | Hyundai Exter HX6 DT | Hyundai Exter HX8 | Hyundai Exter HX8 AMT,13,20000,10000,15000,0,5000,5000,0,,,,40000,40000,True,True,exchange_bonus: You can only choose one | Total: Max discounts,high,True,"Petrol–Manual,Auto (All Variants) | Cash Rs. 20,000 - | Exchange Rs. 10,000 You can only choose one | Scrappage Rs. 15,000 | Upgrade Rs. 0 - | Corporate/Rural Rs. 5,000 - | Total Rs. 40,000 Max discounts"
Hyundai,Exter,hyundai,exter,v3cars,https://www.v3cars.com/hyundai-cars/exter/offers-discounts,5,2026,May 2026,5,2026,May 2026,current,"Petrol–Manual,Auto/CNG–Manual (All S & CNG Variants)",cng_group,Hyundai Exter HX2 CNG | Hyundai Exter HX3 CNG | Hyundai Exter HX4 CNG | Hyundai Exter HX6 CNG | Hyundai Exter HX6 CNG DT | Hyundai Exter HX8 CNG,6,25000,10000,15000,0,0,0,0,,,,45000,40000,True,False,exchange_bonus: You can only choose one | Corporate/Rural: Only 3000 for | Corporate/Rural: /Gov Customers,high,True,"Petrol–Manual,Auto/CNG–Manual (All S & CNG Variants) | Cash Rs. 25,000 - | Exchange Rs. 10,000 You can only choose one | Scrappage Rs. 15,000 | Upgrade Rs. 0 - | Corporate/Rural Rs. 5,000 Only 3000 for | Corporate/Gov Customers | Total Rs. 45,000 Max discounts Petrol–Manual,Auto/CNG–Manual (All SX & SX (O) Variants) Discount Type Discount Notes (If applicable)"
Hyundai,Exter,hyundai,exter,v3cars,https://www.v3cars.com/hyundai-cars/exter/offers-discounts,5,2026,May 2026,5,2026,May 2026,current,"Petrol–Manual,Auto/CNG–Manual (All SX & SX (O) Variants)",cng_group,Hyundai Exter HX2 CNG | Hyundai Exter HX3 CNG | Hyundai Exter HX4 CNG | Hyundai Exter HX6 CNG | Hyundai Exter HX6 CNG DT | Hyundai Exter HX8 CNG,6,15000,10000,15000,0,0,0,0,,,,35000,30000,True,False,exchange_bonus: You can only choose one | Corporate/Rural: Only 3000 for | Corporate/Rural: /Gov Customers | Total: Max discounts,high,True,"Petrol–Manual,Auto/CNG–Manual (All SX & SX (O) Variants) | Cash Rs. 15,000 - | Exchange Rs. 10,000 You can only choose one | Scrappage Rs. 15,000 | Upgrade Rs. 0 - | Corporate/Rural Rs. 5,000 Only 3000 for | Corporate/Gov Customers | Total Rs. 35,000 Max discounts"
Hyundai,Grand I10 Nios,hyundai,grand-i10-nios,v3cars,https://www.v3cars.com/hyundai-cars/grand-i10-nios/offers-discounts,5,2026,May 2026,5,2026,May 2026,current,All variants,all_variants,Hyundai Grand i10 Nios Asta | Hyundai Grand i10 Nios Asta AMT | Hyundai Grand i10 Nios Asta VIBE Edition | Hyundai Grand i10 Nios Asta VIBE Edition AMT | Hyundai Grand i10 Nios Corporate | Hyundai Grand i10 Nios Corporate AMT | Hyundai Grand i10 Nios Era | Hyundai Grand i10 Nios Magna | Hyundai Grand i10 Nios Magna AMT | Hyundai Grand i10 Nios Magna CNG | Hyundai Grand i10 Nios Sportz | Hyundai Grand i10 Nios Sportz AMT | Hyundai Grand i10 Nios Sportz CNG | Hyundai Grand i10 Nios Sportz DT | Hyundai Grand i10 Nios Sportz Duo CNG | Hyundai Grand i10 Nios Sportz Opt | Hyundai Grand i10 Nios Sportz Opt AMT | Hyundai Grand i10 Nios Sportz Opt VIBE Edition AMT | Hyundai Grand i10 Nios Sportz VIBE Edition | Hyundai Grand i10 Nios Sportz VIBE Edition AMT,20,20000,5000,10000,0,0,0,0,,,,35000,30000,True,False,exchange_bonus: You can only choose one | Corporate/Rural: Only 3000 for | Corporate/Rural: /Gov Customers,high,True,"Cash Rs. 20,000 - | Exchange Rs. 5,000 You can only choose one | Scrappage Rs. 10,000 | Upgrade Rs. 0 - | Corporate/Rural Rs. 5,000 Only 3000 for | Corporate/Gov Customers | Total Rs. 35,000 Max discounts Petrol–Manual,Auto (Other Variants) Discount Type Discount Notes (If applicable)"
Hyundai,Grand I10 Nios,hyundai,grand-i10-nios,v3cars,https://www.v3cars.com/hyundai-cars/grand-i10-nios/offers-discounts,5,2026,May 2026,5,2026,May 2026,current,"Petrol–Manual,Auto (Other Variants)",petrol_group,Hyundai Grand i10 Nios Asta | Hyundai Grand i10 Nios Asta AMT | Hyundai Grand i10 Nios Asta VIBE Edition | Hyundai Grand i10 Nios Asta VIBE Edition AMT | Hyundai Grand i10 Nios Corporate | Hyundai Grand i10 Nios Corporate AMT | Hyundai Grand i10 Nios Era | Hyundai Grand i10 Nios Magna | Hyundai Grand i10 Nios Magna AMT | Hyundai Grand i10 Nios Sportz | Hyundai Grand i10 Nios Sportz AMT | Hyundai Grand i10 Nios Sportz DT | Hyundai Grand i10 Nios Sportz Opt | Hyundai Grand i10 Nios Sportz Opt AMT | Hyundai Grand i10 Nios Sportz Opt VIBE Edition AMT | Hyundai Grand i10 Nios Sportz VIBE Edition | Hyundai Grand i10 Nios Sportz VIBE Edition AMT,17,40000,15000,20000,15000,0,0,0,,,,80000,75000,True,False,exchange_bonus: You can only choose one | Corporate/Rural: Only 3000 for | Corporate/Rural: /Gov Customers,high,True,"Petrol–Manual,Auto (Other Variants) | Cash Rs. 40,000 - | Exchange Rs. 15,000 You can only choose one | Scrappage Rs. 20,000 | Upgrade Rs. 15,000 - | Corporate/Rural Rs. 5,000 Only 3000 for | Corporate/Gov Customers | Total Rs. 80,000 Max discounts CNG–Manual (All Variants) Discount Type Discount Notes (If applicable)"
Hyundai,Grand I10 Nios,hyundai,grand-i10-nios,v3cars,https://www.v3cars.com/hyundai-cars/grand-i10-nios/offers-discounts,5,2026,May 2026,5,2026,May 2026,current,CNG–Manual (All Variants),cng_group,Hyundai Grand i10 Nios Magna CNG | Hyundai Grand i10 Nios Sportz CNG | Hyundai Grand i10 Nios Sportz Duo CNG,3,35000,15000,20000,15000,0,0,0,,,,75000,70000,True,False,exchange_bonus: You can only choose one | Corporate/Rural: Only 3000 for | Corporate/Rural: /Gov Customers | Total: Max discounts,high,True,"CNG–Manual (All Variants) | Cash Rs. 35,000 - | Exchange Rs. 15,000 You can only choose one | Scrappage Rs. 20,000 | Upgrade Rs. 15,000 - | Corporate/Rural Rs. 5,000 Only 3000 for | Corporate/Gov Customers | Total Rs. 75,000 Max discounts"
Hyundai,I20,hyundai,i20,v3cars,https://www.v3cars.com/hyundai-cars/i20/offers-discounts,5,2026,May 2026,5,2026,May 2026,current,All variants,all_variants,Hyundai i20 Asta | Hyundai i20 Asta Opt | Hyundai i20 Asta Opt DT | Hyundai i20 Asta Opt IVT | Hyundai i20 Asta Opt IVT DT | Hyundai i20 Asta Opt iVT Knight | Hyundai i20 Era | Hyundai i20 Magna | Hyundai i20 Magna Executive | Hyundai i20 Magna IVT | Hyundai i20 Sportz | Hyundai i20 Sportz DT | Hyundai i20 Sportz IVT | Hyundai i20 Sportz Opt | Hyundai i20 Sportz Opt IVT | Hyundai i20 Sportz Opt Knight,16,0,15000,20000,0,0,0,0,,,,25000,20000,True,False,exchange_bonus: You can only choose one | Corporate/Rural: Only 3000 for | Corporate/Rural: /Gov Customers,high,True,"Cash Rs. 0 - | Exchange Rs. 15,000 You can only choose one | Scrappage Rs. 20,000 | Upgrade Rs. 0 - | Corporate/Rural Rs. 5,000 Only 3000 for | Corporate/Gov Customers | Total Rs. 25,000 Max discounts I20 Petrol–Manual,Auto (All Other Variants) Discount Type Discount Notes (If applicable)"
Hyundai,I20,hyundai,i20,v3cars,https://www.v3cars.com/hyundai-cars/i20/offers-discounts,5,2026,May 2026,5,2026,May 2026,current,"Petrol–Manual,Auto (All Other Variants)",petrol_group,Hyundai i20 Asta | Hyundai i20 Asta Opt | Hyundai i20 Asta Opt DT | Hyundai i20 Asta Opt IVT | Hyundai i20 Asta Opt IVT DT | Hyundai i20 Asta Opt iVT Knight | Hyundai i20 Era | Hyundai i20 Magna | Hyundai i20 Magna Executive | Hyundai i20 Magna IVT | Hyundai i20 Sportz | Hyundai i20 Sportz DT | Hyundai i20 Sportz IVT | Hyundai i20 Sportz Opt | Hyundai i20 Sportz Opt IVT | Hyundai i20 Sportz Opt Knight,16,25000,15000,20000,15000,0,0,0,,,,65000,60000,True,False,exchange_bonus: You can only choose one | Corporate/Rural: Only 3000 for | Corporate/Rural: /Gov Customers for N Line | Total: Max discounts,high,True,"Petrol–Manual,Auto (All Other Variants) | Cash Rs. 25,000 - | Exchange Rs. 15,000 You can only choose one | Scrappage Rs. 20,000 | Upgrade Rs. 15,000 - | Corporate/Rural Rs. 5,000 Only 3000 for | Corporate/Gov Customers Rs. 0 for N Line | Total Rs. 65,000 Max discounts"
Hyundai,Venue,hyundai,venue,v3cars,https://www.v3cars.com/hyundai-cars/venue/offers-discounts,5,2026,May 2026,5,2026,May 2026,current,MAY 2026 All Variants,all_variants,Hyundai Venue HX 10 Diesel AT | Hyundai Venue HX 10 Diesel AT Dual Tone | Hyundai Venue HX 10 Knight Turbo DCT | Hyundai Venue HX 10 Turbo DCT | Hyundai Venue HX 10 Turbo DCT Dual Tone | Hyundai Venue HX 2 | Hyundai Venue HX 2 Diesel | Hyundai Venue HX 2 Turbo | Hyundai Venue HX 4 | Hyundai Venue HX 5 | Hyundai Venue HX 5 Diesel | Hyundai Venue HX 5 Diesel AT | Hyundai Venue HX 5 Knight | Hyundai Venue HX 5 Knight Diesel | Hyundai Venue HX 5 Plus | Hyundai Venue HX 5 Plus Dual Tone | Hyundai Venue HX 5 Turbo | Hyundai Venue HX 5 Turbo DCT | Hyundai Venue HX 6 | Hyundai Venue HX 6 Dual Tone | Hyundai Venue HX 6 Turbo DCT | Hyundai Venue HX 6 Turbo DCT DT | Hyundai Venue HX 6T | Hyundai Venue HX 6T Dual Tone | Hyundai Venue HX 6T Knight | Hyundai Venue HX 7 Diesel | Hyundai Venue HX 7 Diesel Dual Tone | Hyundai Venue HX 8 Diesel AT | Hyundai Venue HX 8 Diesel AT Dual Tone | Hyundai Venue HX 8 Knight Diesel AT | Hyundai Venue HX 8 Turbo | Hyundai Venue HX 8 Turbo DCT | Hyundai Venue HX 8 Turbo DCT Dual Tone | Hyundai Venue HX 8 Turbo Dual Tone,34,0,0,5000,0,0,0,0,,,,5000,5000,True,True,exchange_bonus: You can only choose one | Total: Max discounts,high,True,"MAY 2026 All Variants | Cash Rs. 0 - | Exchange Rs. 0 You can only choose one | Scrappage Rs. 5,000 | Upgrade Rs. 0 - | Corporate/Rural Rs. 0 - | Total Rs. 5,000 Max discounts"
Hyundai,Verna,hyundai,verna,v3cars,https://www.v3cars.com/hyundai-cars/verna/offers-discounts,5,2026,May 2026,5,2026,May 2026,current,MAY 2026 New Verna All Variants,all_variants,Hyundai Verna HX10 iVT | Hyundai Verna HX10 iVT DT | Hyundai Verna HX10 Turbo DCT | Hyundai Verna HX10 Turbo DCT DT | Hyundai Verna HX2 | Hyundai Verna HX4 | Hyundai Verna HX6 | Hyundai Verna HX6 DT | Hyundai Verna HX6 iVT | Hyundai Verna HX6 iVT DT | Hyundai Verna HX6 Plus | Hyundai Verna HX6 Plus DT | Hyundai Verna HX6 Plus iVT | Hyundai Verna HX6 Plus iVT DT | Hyundai Verna HX8 | Hyundai Verna HX8 DT | Hyundai Verna HX8 iVT | Hyundai Verna HX8 iVT DT | Hyundai Verna HX8 Turbo | Hyundai Verna HX8 Turbo DCT | Hyundai Verna HX8 Turbo DCT DT | Hyundai Verna HX8 Turbo DT,22,10000,20000,25000,10000,0,0,0,,,,55000,45000,True,False,exchange_bonus: You can only choose one | Corporate/Rural: Only for | Corporate/Rural: Customers | Total: Max discounts,high,True,"MAY 2026 New Verna All Variants | Cash Rs. 10,000 - | Exchange Rs. 20,000 You can only choose one | Scrappage Rs. 25,000 | Upgrade Rs. 10,000 - | Corporate/Rural Rs. 10,000 Only for | Corporate Customers | Total Rs. 55,000 Max discounts"
Hyundai,Verna,hyundai,verna,v3cars,https://www.v3cars.com/hyundai-cars/verna/offers-discounts,5,2026,May 2026,5,2026,May 2026,current,MAY 2026 All Manual Variants,variant_group_unmatched,,0,25000,15000,20000,15000,3000,10000,0,,,,70000,70000,True,True,exchange_bonus: You can only choose one | Corporate/Rural: Only 3000 for Government Customers | Total: Rs.,high,True,"MAY 2026 All Manual Variants | Cash Rs. 25,000 - | Exchange Rs. 15,000 You can only choose one | Scrappage Rs. 20,000 | Upgrade Rs. 15,000 - | Corporate/Rural Rs. 10,000 Only 3000 for Government Customers | Total Rs."
Hyundai,Verna,hyundai,verna,v3cars,https://www.v3cars.com/hyundai-cars/verna/offers-discounts,5,2026,May 2026,5,2026,May 2026,current,All variants,all_variants,Hyundai Verna HX10 iVT | Hyundai Verna HX10 iVT DT | Hyundai Verna HX10 Turbo DCT | Hyundai Verna HX10 Turbo DCT DT | Hyundai Verna HX2 | Hyundai Verna HX4 | Hyundai Verna HX6 | Hyundai Verna HX6 DT | Hyundai Verna HX6 iVT | Hyundai Verna HX6 iVT DT | Hyundai Verna HX6 Plus | Hyundai Verna HX6 Plus DT | Hyundai Verna HX6 Plus iVT | Hyundai Verna HX6 Plus iVT DT | Hyundai Verna HX8 | Hyundai Verna HX8 DT | Hyundai Verna HX8 iVT | Hyundai Verna HX8 iVT DT | Hyundai Verna HX8 Turbo | Hyundai Verna HX8 Turbo DCT | Hyundai Verna HX8 Turbo DCT DT | Hyundai Verna HX8 Turbo DT,22,50000,15000,20000,15000,3000,10000,0,,,,95000,95000,True,True,exchange_bonus: You can only choose one | Corporate/Rural: Only 3000 for Government Customers | Total: Max discounts,high,True,"Cash Rs. 50,000 - | Exchange Rs. 15,000 You can only choose one | Scrappage Rs. 20,000 | Upgrade Rs. 15,000 - | Corporate/Rural Rs. 10,000 Only 3000 for Government Customers | Total Rs. 95,000 Max discounts"
Hyundai,Creta N Line,hyundai,creta-n-line,v3cars_inherited,https://www.v3cars.com/hyundai-cars/creta/offers-discounts,5,2026,May 2026,5,2026,May 2026,current,Inherited from Creta highest V3Cars petrol/all-variants row,inherited_model,Hyundai Creta N Line N10 | Hyundai Creta N Line N10 DCT | Hyundai Creta N Line N10 DCT Dual Tone | Hyundai Creta N Line N10 Dual Tone | Hyundai Creta N Line N8 DCT | Hyundai Creta N Line N8 DCT Dual Tone,6,20000,30000,50000,30000,0,0,0,,,,105000,100000,True,False,exchange_bonus: You can only choose one | Corporate/Rural: Only for | Corporate/Rural: Customers | Inherited because live V3Cars May 2026 Creta table includes N-Line in the high-benefit petrol/all-variants row. Dealer confirmation required.,high_inherited,True,"Petrol–Manual,Auto (All Variants) Incl. N Line | Cash Rs. 20,000 - | Exchange Rs. 30,000 You can only choose one | Scrappage Rs. 50,000 | Upgrade Rs. 30,000 - | Corporate/Rural Rs. 5,000 Only for | Rural Customers | Total Rs. 1,05,000 Max discounts Diesel–Manual,Auto (All Variants) Discount Type Discount Notes (If applicable)"
Hyundai,I20 N Line,hyundai,i20-n-line,v3cars_inherited,https://www.v3cars.com/hyundai-cars/i20/offers-discounts,5,2026,May 2026,5,2026,May 2026,current,Inherited from i20 row; corporate/rural forced to 0 for N Line,inherited_model,Hyundai i20 N-Line N6 | Hyundai i20 N-Line N6 DCT | Hyundai i20 N-Line N6 DCT Dual Tone | Hyundai i20 N-Line N6 Dual Tone | Hyundai i20 N-Line N8 | Hyundai i20 N-Line N8 DCT | Hyundai i20 N-Line N8 DCT Dual Tone | Hyundai i20 N-Line N8 Dual Tone,8,25000,15000,20000,15000,0,0,0,,,,60000,60000,True,True,exchange_bonus: You can only choose one | Corporate/Rural: Only 3000 for | Corporate/Rural: /Gov Customers for N Line | Total: Max discounts | Inherited because i20 V3Cars row references N Line corporate/rural as Rs. 0. Corporate and rural benefits forced to 0. Dealer confirmation required.,medium_inherited,True,"Petrol–Manual,Auto (All Other Variants) | Cash Rs. 25,000 - | Exchange Rs. 15,000 You can only choose one | Scrappage Rs. 20,000 | Upgrade Rs. 15,000 - | Corporate/Rural Rs. 5,000 Only 3000 for | Corporate/Gov Customers Rs. 0 for N Line | Total Rs. 65,000 Max discounts"
